카테고리,채널명,구독자수,조회수,비디오수
음악/댄스/가수,BLACKPINK,64000000,19003810000,371
음악/댄스/가수,HYBE LABELS,60300000,18713050000,654
음악/댄스/가수,BANGTANTV,56400000,12194960000,1579
음악/댄스/가수,SMTOWN,28500000,21870920000,3729
키즈/어린이,Boram Tube Vlog [보람튜브 브이로그],26500000,11052880000,223
음악/댄스/가수,1MILLION Dance Studio,24200000,6694900000,2897
음악/댄스/가수,1theK (원더케이),23200000,20599350000,14983
음악/댄스/가수,JYP Entertainment,21600000,13725340000,1327
미분류,Coldplay,19300000,12771640000,279
음악/댄스/가수,Mnet K-POP,18400000,12947130000,25395
음악/댄스/가수,JFlaMusic,17200000,3420990000,279
TV/방송,KBS WORLD TV,16600000,12358210000,52362
음악/댄스/가수,officialpsy,15000000,8624700000,90
음식/요리/레시피,Jane ASMR 제인,14200000,4912630000,1189
음악/댄스/가수,BIGBANG,13800000,6678340000,773
음악/댄스/가수,TWICE,11500000,2203720000,592
키즈/어린이,Nao FunFun,10800000,3890000,34
음악/댄스/가수,Stone Music Entertainment,9980000,7861800000,7915
키즈/어린이,DuDuPopTOY,9840000,4371040000,1743
음식/요리/레시피,Hongyu ASMR 홍유,9760000,2692860000,385
키즈/어린이,핑크퐁 (인기 동요・동화),9440000,5708190000,2225
TV/방송,MBCkpop,9420000,7361290000,40659
키즈/어린이,서은이야기[SeoeunStory],9370000,3997100000,1001
키즈/어린이,Larva TUBA,9320000,4049880000,2862
키즈/어린이,Toymong tv 토이몽TV,9270000,3823200000,1832
미분류,The Late Show with Stephen Colbert,8600000,7826150000,8348
뉴스/정치/사회,MBCentertainment,8380000,14317700000,85420
음악/댄스/가수,Mnet Official,8330000,9056020000,18118
음악/댄스/가수,iKON,8310000,2091530000,468
음악/댄스/가수,EXO,8280000,464730000,201
미분류,WIRED,8110000,2607720000,3220
미분류,Nintendo,8020000,2726300000,5141
미분류,BBC Radio 1,7590000,3192060000,4414
TV/방송,M2,7490000,5527320000,14278
키즈/어린이,MariAndKids,7480000,2288600000,808
음식/요리/레시피,[햄지]Hamzy,7440000,2145010000,331
음악/댄스/가수,TOMORROW X TOGETHER OFFICIAL,7350000,443910000,741
키즈/어린이,SonicToy소닉토이,7170000,2934780000,164
음악/댄스/가수,Stray Kids,6950000,1010790000,464
음식/요리/레시피,Travel Thirsty,6880000,2897760000,676
뉴스/정치/사회,JTBC Entertainment,6840000,9715500000,63970
해외,Serie A,6830000,2387360000,20486
음악/댄스/가수,SEVENTEEN,6800000,2115840000,870
음악/댄스/가수,Sungha Jung,6730000,1871010000,1263
음악/댄스/가수,이지금 [IU Official],6630000,926330000,125
음식/요리/레시피,문복희 Eat with Boki,6470000,1442870000,422
음악/댄스/가수,ALL THE K-POP,6380000,3885050000,19505
음식/요리/레시피,쏘영 Ssoyoung,6360000,933110000,566
음악/댄스/가수,YG ENTERTAINMENT,6350000,1630960000,389
TV/방송,KBS Kpop,6260000,4710370000,29013
음악/댄스/가수,GOT7,6040000,754270000,579
음악/댄스/가수,MAMAMOO,6020000,1614050000,600
패션/미용,PONY Syndrome,5860000,354640000,188
TV/방송,스브스케이팝 / SBS KPOP,5820000,3853630000,25785
회사/오피셜,Samsung,5770000,999910000,1551
TV/방송,tvN DRAMA,5770000,5494060000,34868
TV/방송,SBS Entertainment,5720000,6664750000,216725
키즈/어린이,스위트티비 SweetTV,5600000,2652210000,503
음악/댄스/가수,ITZY,5540000,960950000,421
TV/방송,SBS Drama,5480000,5750870000,340878
미분류,PSG - Paris Saint-Germain,5420000,566460000,4067
키즈/어린이,[장난감티비]TOYTV,5410000,2632550000,1464
키즈/어린이,미니특공대TV,5370000,3017180000,1105
음악/댄스/가수,2NE1,5300000,1947080000,321
키즈/어린이,콩순이 • 시크릿 쥬쥬 [Kongsuni • Secret Jouju],5160000,4482530000,1236
BJ/인물/연예인,[Awesome Haeun]어썸하은,5150000,797260000,487
음식/요리/레시피,백종원의 요리비책 Paik's Cuisine,5120000,522720000,334
키즈/어린이,ToyMart TV,4950000,2148510000,651
음식/요리/레시피,야미보이 Yummyboy,4870000,1722450000,849
음악/댄스/가수,starshipTV,4790000,2765660000,1955
키즈/어린이,베이비버스 -인기 동요・동화,4740000,3168870000,1282
음악/댄스/가수,BT21,4600000,362480000,193
뉴스/정치/사회,SBS NOW / SBS 공식 채널,4570000,4533410000,19841
키즈/어린이,TOY GUMA,4570000,1514240000,306
TV/방송,KBS Entertain,4470000,7049340000,99926
음식/요리/레시피,떵개떵,4470000,2504860000,4330
음악/댄스/가수,ASTRO 아스트로,4410000,412480000,433
키즈/어린이,뽀로로(Pororo),4370000,5870670000,3595
음악/댄스/가수,Red Velvet,4340000,592560000,139
TV/방송,MBCdrama,4330000,4898830000,53924
음식/요리/레시피,하루한끼 one meal a day,4310000,409700000,162
음악/댄스/가수,TREASURE (트레저),4270000,827190000,253
음식/요리/레시피,푸메Fume,4240000,856340000,463
키즈/어린이,슈슈토이 Shushu ToysReview,4200000,1554980000,581
TV/방송,채널 NCT DAILY,4190000,722800000,467
음악/댄스/가수,Raon Lee,4190000,916010000,295
미분류,EA SPORTS FIFA,4180000,793400000,792
키즈/어린이,With Kids Playground [위드키즈 놀이터],4160000,1568570000,399
음식/요리/레시피,Cooking tree 쿠킹트리,4160000,378570000,1133
음식/요리/레시피,[Dorothy]도로시,4150000,986590000,905
TV/방송,JTBC Drama,4120000,4209790000,22560
애완/반려동물,SBS TV동물농장x애니멀봐,4120000,3749110000,3002
음식/요리/레시피,tzuyang쯔양,4110000,507270000,236
음악/댄스/가수,NCT,4100000,270620000,218
BJ/인물/연예인,영국남자 Korean Englishman,4100000,1335180000,432
음식/요리/레시피,까니짱 [ G-NI ],4080000,1034710000,482
키즈/어린이,로미유 스토리[Romiyu Story],4080000,1065570000,433
음악/댄스/가수,NCT DREAM,3860000,374220000,228
BJ/인물/연예인,허팝Heopop,3810000,3138920000,1847
취미/라이프,JaeYeol ASMR 재열,3800000,1011540000,970
애완/반려동물,크림히어로즈,3800000,1374770000,940
BJ/인물/연예인,워크맨-Workman,3780000,679370000,141
BJ/인물/연예인,waveya 2011,3730000,1346280000,702
키즈/어린이,Lime Tube[라임튜브],3730000,2595420000,1723
음악/댄스/가수,WINNER,3730000,1171260000,428
키즈/어린이,CoCosToy 꼬꼬스토이,3650000,2047420000,779
음악/댄스/가수,백현 Baekhyun,3620000,49460000,20
키즈/어린이,Milana FamilyShow[EN],3620000,976470000,185
음악/댄스/가수,NCT 127,3570000,303910000,185
BJ/인물/연예인,ARTBEAT,3560000,873900000,1069
TV/방송,TV-People,3500000,3914070000,17719
TV/방송,채널 십오야,3490000,650630000,451
TV/방송,KBS Drama,3470000,4261110000,114095
회사/오피셜,Billboard,3360000,1126010000,6654
키즈/어린이,리월드RIWORLD,3330000,1299830000,334
취미/라이프,drawholic,3320000,362170000,348
키즈/어린이,제이제이 튜브 [JJ Tube],3290000,2060280000,497
음악/댄스/가수,KARD,3280000,596470000,312
키즈/어린이,EBS 키즈,3280000,4065870000,18883
TV/방송,솔라시도 solarsido,3270000,200830000,246
TV/방송,tvN,3260000,4677550000,59409
TV/방송,딩고 뮤직 / dingo music,3230000,1168960000,1526
음악/댄스/가수,(G)I-DLE (여자)아이들 (Official YouTube Channel),3210000,954190000,199
키즈/어린이,MariAndToys,3160000,565180000,188
키즈/어린이,럭키강이 LuckyKang i,3110000,1328760000,1212
키즈/어린이,키즈팡TV,3080000,1922650000,1833
음악/댄스/가수,imlisarhee,3080000,423180000,547
스포츠/운동,피지컬갤러리,3060000,484720000,592
키즈/어린이,카 로봇 Car Robot,3010000,1770000000,3519
음식/요리/레시피,FRAN,2970000,939540000,1271
음식/요리/레시피,유디티TV,2950000,594930000,992
취미/라이프,사나고 Sanago,2940000,374490000,140
영화/만화/애니,장삐쭈,2940000,1297850000,365
취미/라이프,Thankyou BUBU,2930000,459890000,134
TV/방송,tvN D ENT,2920000,5160560000,14702
음악/댄스/가수,ROSÉ Official,2910000,11800000,3
음악/댄스/가수,새송 Saesong,2900000,285660000,247
음식/요리/레시피,5 분 Tricks,2890000,1018550000,3080
음식/요리/레시피,양수빈,2840000,499490000,224
TV/방송,옛드 : 옛날 드라마 [드라맛집],2800000,4960030000,45915
취미/라이프,odg,2740000,441000000,113
음식/요리/레시피,한세HANSE,2740000,374620000,569
키즈/어린이,미니팡TV,2730000,1981460000,557
음악/댄스/가수,STUDIO CHOOM [스튜디오 춤],2710000,990710000,617
TV/방송,JTBC Voyage,2690000,3034300000,6811
취미/라이프,팬케이Pan K The Pancake Artist,2680000,789500000,541
키즈/어린이,헤이지니 Hey Jini,2640000,1624820000,1149
음악/댄스/가수,JAY PARK,2630000,648070000,137
음식/요리/레시피,나도Nado,2600000,667200000,681
TV/방송,PLAYLIST ORIGINALS 플레이리스트 오리지널,2570000,957360000,659
뉴스/정치/사회,TVCHOSUN - TV조선,2560000,4199500000,64268
TV/방송,런닝맨 - 스브스 공식 채널,2540000,3260400000,53502
음악/댄스/가수,HyunA,2520000,301800000,58
음악/댄스/가수,AKMU,2520000,618410000,148
뉴스/정치/사회,YTN news,2500000,5462390000,553462
취미/라이프,ASMR PPOMO,2500000,660220000,421
키즈/어린이,ToyFamily,2470000,360000,38
음악/댄스/가수,GIRLS' GENERATION,2440000,142410000,75
키즈/어린이,보라미TV BoramiTV,2410000,827720000,594
음식/요리/레시피,지현꿍,2400000,193420000,80
게임,도티 TV,2380000,2665130000,3238
BJ/인물/연예인,와썹맨-Wassup Man,2340000,310890000,177
음악/댄스/가수,United CUBE (CUBE Entertainment Official YouTube Channel),2330000,716520000,1556
미분류,Lizzo Music,2320000,920540000,71
음악/댄스/가수,창현,2310000,274550000,753
TV/방송,ATEEZ,2300000,225300000,304
TV/방송,EBSDocumentary (EBS 다큐),2290000,2060950000,28246
BJ/인물/연예인,VIVA DANCE STUDIO,2250000,390200000,2023
패션/미용,RISABAE,2240000,260820000,363
음악/댄스/가수,여자친구 GFRIEND OFFICIAL,2230000,429590000,515
BJ/인물/연예인,JOLLY,2230000,491150000,333
영화/만화/애니,총몇명,2220000,752300000,301
음악/댄스/가수,Jessi,2210000,310800000,44
BJ/인물/연예인,흔한남매,2210000,2067840000,768
패션/미용,미지우 MEJIWOO,2200000,31320000,28
BJ/인물/연예인,진용진,2200000,622610000,409
키즈/어린이,또봇 V · 메탈리온 [Tobot V · Metalions],2190000,2703730000,1858
키즈/어린이,MariAndFriends,2190000,1443280000,1742
음악/댄스/가수,채널 NCT MUSIC,2180000,157830000,29
BJ/인물/연예인,엔조이커플enjoycouple,2180000,751240000,518
키즈/어린이,꼬마버스 타요,2170000,1687010000,2243
음식/요리/레시피,애정 Aejeong,2170000,329570000,393
음악/댄스/가수,SHINee,2170000,187610000,138
음식/요리/레시피,꿀키honeykki,2170000,266680000,424
음악/댄스/가수,official IZ*ONE,2160000,532940000,270
BJ/인물/연예인,해그린달 haegreendal,2160000,87400000,59
BJ/인물/연예인,International Couple[사샤와 제이],2160000,226900000,142
음악/댄스/가수,채널 NCT DANCE,2140000,184320000,42
키즈/어린이,Boys Playtime,2140000,1009670000,415
해외,The Wiggles,2120000,2555520000,621
음악/댄스/가수,SUPER JUNIOR,2120000,95120000,186
TV/방송,스브스 예능맛집,2110000,1586420000,3418
미분류,MONSTA X,2100000,234650000,41
뉴스/정치/사회,SBS Catch,2100000,1970810000,3208
게임,감스트GAMST,2100000,1403920000,4461
음식/요리/레시피,푸드킹덤 Food Kingdom,2090000,744530000,797
음악/댄스/가수,4Minute 포미닛(Official YouTube Channel),2090000,1236000000,82
미분류,김종국 GYM JONG KOOK,2080000,54080000,10
음식/요리/레시피,ZOEY ASMR 조이,2070000,475380000,606
영화/만화/애니,레이디버그TV,2070000,1087450000,325
BJ/인물/연예인,공대생 변승주 DS,2070000,1380720000,1438
애완/반려동물,수리노을SuriNoel,2060000,706770000,1036
음악/댄스/가수,OfficialGDRAGON,2050000,53640000,0
교육/강의,디바제시카DeevaJessica,2040000,838520000,2939
음악/댄스/가수,The K-POP,2030000,573000000,7342
TV/방송,퇴경아 약먹자,2030000,334700000,653
TV/방송,보길 bogil,2000000,792590000,1096
키즈/어린이,"토닥토닥 꼬모 - 애니메이션, 동요, 놀이",2000000,2317800000,828
키즈/어린이,캐리TV 장난감친구들,2000000,2638540000,2661
키즈/어린이,[wonderkids TV] 원더키즈 TV,1980000,872480000,918
음식/요리/레시피,흥삼이네 Heungsam's Family,1980000,983490000,1371
키즈/어린이,Toy Wizard [토이위자드],1970000,721130000,643
교육/강의,올리버쌤,1970000,485880000,610
음악/댄스/가수,헨리 Henry Lau,1950000,162710000,169
게임,잠뜰 TV,1950000,2450580000,2791
음악/댄스/가수,woolliment,1930000,739800000,750
음악/댄스/가수,EXID_OFFICIAL,1920000,638740000,332
음식/요리/레시피,JerryPop,1920000,687320000,414
음악/댄스/가수,CHEN,1910000,30750000,10
키즈/어린이,뉴욕이네 (뉴욕이랑 놀자),1910000,858360000,702
미분류,THEBLACKLABEL,1900000,300080000,74
음식/요리/레시피,도남이먹방Donam,1900000,607670000,792
미분류,GoogleDoodles,1890000,409100000,104
교육/강의,The World of Dave데이브,1890000,449330000,625
애완/반려동물,밀키복이탄이MilkyBokiTan,1880000,543920000,355
TV/방송,tvN D STUDIO,1860000,533560000,980
IT/기술/컴퓨터,ITSub잇섭,1840000,558680000,784
음악/댄스/가수,셀프어쿠스틱selfacoustic,1800000,413560000,150
TV/방송,아는형님 Knowingbros,1790000,718970000,1353
음악/댄스/가수,ARIRANG K-POP,1780000,711510000,27663
뉴스/정치/사회,SBS 뉴스,1780000,2672520000,111308
음식/요리/레시피,ASMR Suna 꿀꿀선아,1780000,420340000,320
뉴스/정치/사회,채널A,1770000,2031230000,21556
키즈/어린이,Dollightful,1760000,267400000,146
게임,악동 김블루,1760000,961930000,755
키즈/어린이,꾹TV(Kkuk TV),1760000,1019690000,1369
음식/요리/레시피,FoodieBoy 푸디보이,1750000,618680000,1118
취미/라이프,Imaginative Guy,1740000,551010000,109
스포츠/운동,Allblanc TV,1730000,187780000,328
음악/댄스/가수,A-YEON,1730000,202390000,58
음악/댄스/가수,DAY6,1730000,243710000,329
음악/댄스/가수,BTOB 비투비 (Official YouTube Channel),1720000,395870000,493
IT/기술/컴퓨터,밝은 면 Bright Side Korea,1720000,444580000,3202
뉴스/정치/사회,JTBC News,1710000,2399540000,116376
음식/요리/레시피,입짧은햇님,1710000,662420000,2436
BJ/인물/연예인,보물섬,1710000,1084950000,435
음악/댄스/가수,비몽,1700000,892900000,4577
음악/댄스/가수,MLD ENTERTAINMENT,1700000,655900000,573
패션/미용,Wishtrend TV,1690000,142510000,814
게임,양띵 유튜브,1690000,1883890000,7237
애완/반려동물,내셔널지오그래픽 - National Geographic Korea,1680000,721060000,2994
패션/미용,조효진 HYOJIN,1670000,157520000,296
음악/댄스/가수,loonatheworld,1660000,580160000,1013
게임,대도서관TV (buzzbean11),1660000,1419010000,9316
영화/만화/애니,고몽,1660000,689370000,445
TV/방송,dingo freestyle,1650000,917580000,917
애완/반려동물,슈앤트리 SHU AND TREE,1650000,351710000,348
교육/강의,슈카월드,1640000,237770000,898
음식/요리/레시피,슈기님,1630000,629260000,1414
키즈/어린이,캐릭온 TV,1620000,1713090000,738
음식/요리/레시피,HONG SOUND,1620000,372230000,994
음악/댄스/가수,GOT7,1600000,20260000,3
패션/미용,Leesuhyun,1600000,72370000,101
BJ/인물/연예인,더블비,1600000,918680000,449
TV/방송,콬TV,1600000,527920000,742
영화/만화/애니,짤툰,1590000,798800000,387
음악/댄스/가수,DJ SODA OFFICIAL,1590000,220220000,153
스포츠/운동,SPOTV,1590000,1329960000,40087
게임,뜨뜨뜨뜨,1590000,716840000,1443
음식/요리/레시피,최고다윽박EUGBAK,1590000,855280000,1532
음악/댄스/가수,PENTAGON 펜타곤 (Official YouTube Channel),1570000,214890000,361
음악/댄스/가수,OfficialLEEHI,1570000,329330000,94
키즈/어린이,덕대-DD film,1570000,742430000,1591
주식/경제/부동산,신사임당,1560000,203330000,966
음악/댄스/가수,NU'EST,1560000,227760000,610
뉴스/정치/사회,EBSCulture (EBS 교양),1550000,1164180000,41161
음악/댄스/가수,THE BOYZ,1540000,252260000,482
음악/댄스/가수,버블디아,1530000,399540000,1190
TV/방송,조재원,1530000,391600000,273
음식/요리/레시피,Chihun ASMR 치훈,1520000,260030000,397
키즈/어린이,Edu car toy school,1520000,789680000,1260
키즈/어린이,유라야놀자(Let's play YURA),1520000,1577430000,1396
패션/미용,ssin 씬님,1520000,435900000,689
미분류,GH'S,1510000,689450000,95
TV/방송,KBS 한국방송,1510000,1410610000,28052
음식/요리/레시피,ETTV 이티티비,1510000,635980000,1017
키즈/어린이,지니키즈 Genikids (인기 동요・동화),1510000,1176610000,1209
게임,태경 TV,1510000,2172690000,2510
게임,김재원의 즐거운 세상,1510000,1600610000,1784
음악/댄스/가수,DOJIN도진이,1500000,78450000,47
뉴스/정치/사회,MBCNEWS,1500000,3383580000,115414
TV/방송,문명특급 - MMTG,1490000,308250000,227
키즈/어린이,브라보키즈_BRAVO KIDS,1490000,1536130000,1755
주식/경제/부동산,삼프로TV_경제의신과함께,1490000,398970000,5344
TV/방송,MBN Entertainment,1470000,1471390000,36196
음식/요리/레시피,승우아빠,1470000,413280000,583
음악/댄스/가수,Daily Busking,1470000,585570000,966
음식/요리/레시피,[Nareum_TV] 나름TV,1470000,529230000,792
영화/만화/애니,지무비 : G Movie,1470000,496230000,236
BJ/인물/연예인,웃소 Wootso,1460000,1345580000,681
음악/댄스/가수,FNCEnt,1450000,301830000,1427
음악/댄스/가수,Chuther츄더[문에스더],1450000,197430000,139
음식/요리/레시피,ARIKITCHEN (아리키친),1450000,344590000,444
뉴스/정치/사회,KBS Drama Classic,1440000,1317370000,9407
게임,T1 Faker,1440000,263330000,1196
TV/방송,"안구정화TV, Your Korean Friend",1440000,115280000,158
뉴스/정치/사회,진성호방송,1440000,1670840000,7642
취미/라이프,피식대학Psick Univ,1430000,350800000,368
뉴스/정치/사회,디글 클래식 :Diggle Classic,1430000,3284980000,22124
음악/댄스/가수,Lemoring,1430000,775730000,486
BJ/인물/연예인,혜리,1420000,70190000,66
음식/요리/레시피,칩chip,1420000,187920000,36
뉴스/정치/사회,신의한수,1420000,1131420000,8328
BJ/인물/연예인,[상윤쓰]Sangyoon,1410000,273450000,147
음악/댄스/가수,K-Tigers TV,1410000,202250000,458
음식/요리/레시피,엠브로 MBRO,1410000,0,0
음악/댄스/가수,시즌비시즌 Season B Season,1400000,137190000,54
TV/방송,동네놈들,1400000,301280000,273
BJ/인물/연예인,급식왕,1400000,1548540000,627
BJ/인물/연예인,철구형 (CHULTUBE),1400000,1277160000,6891
애완/반려동물,[THE SOY]루퐁이네,1390000,402130000,314
TV/방송,MKTV 김미경TV,1390000,257430000,1623
TV/방송,Solfa,1390000,212480000,49
TV/방송,KBS HUMAN: 뭉클티비,1380000,699250000,3370
교육/강의,사물궁이 잡학지식,1380000,219180000,278
음악/댄스/가수,AOMGOFFICIAL,1370000,282760000,333
BJ/인물/연예인,NALU,1370000,102300000,153
음악/댄스/가수,워너뮤직코리아 (Warner Music Korea),1360000,775890000,2405
음악/댄스/가수,BEAST 비스트 (Official YouTube Channel),1360000,581720000,118
음식/요리/레시피,산적TV 밥굽남,1360000,277340000,534
TV/방송,Mera,1360000,1184890000,7536
뉴스/정치/사회,SBS STORY,1350000,1710170000,78719
BJ/인물/연예인,JAYKEEOUT,1350000,179320000,210
미분류,식빵언니 김연경Bread Unnie,1340000,72500000,54
키즈/어린이,티디키즈 by 지니키즈,1340000,871030000,389
뉴스/정치/사회,세바시 강연 Sebasi Talk,1330000,277370000,1982
TV/방송,BLACKHAND,1320000,321790000,50
뉴스/정치/사회,KBS News,1320000,1844530000,176159
BJ/인물/연예인,박막례 할머니 Korea Grandma,1320000,395010000,428
BJ/인물/연예인,신세경 sjkuksee,1310000,45630000,33
음악/댄스/가수,Apink (에이핑크),1310000,350110000,624
BJ/인물/연예인,꽈뚜룹,1310000,399540000,720
교육/강의,jannahkorea 잔나코리아,1310000,116240000,413
영화/만화/애니,CheezeFilm,1300000,354850000,202
키즈/어린이,뉴욕이랑 컬러,1300000,467910000,506
음악/댄스/가수,AOA (에이오에이),1300000,673360000,194
키즈/어린이,헬로카봇 - hello carbot official,1290000,1168000000,1133
취미/라이프,탱구TV,1290000,45860000,27
BJ/인물/연예인,정선호,1290000,471090000,421
TV/방송,dingo global DGG,1280000,386080000,393
키즈/어린이,깨비키즈 [KEBIKIDS],1280000,1392110000,1711
패션/미용,lamuqe,1280000,117390000,270
애완/반려동물,강형욱의 보듬TV - Dog Trainer Kang,1280000,225240000,695
TV/방송,딩고 스토리 / dingo story,1280000,283490000,334
음악/댄스/가수,GENIE MUSIC,1270000,431880000,3926
취미/라이프,낄낄상회,1260000,317470000,225
음악/댄스/가수,선미 SUNMI,1260000,245820000,147
음악/댄스/가수,ONEUS,1260000,182090000,334
음악/댄스/가수,Prepix Dance Studio,1260000,218080000,3883
음악/댄스/가수,RealVIXX,1260000,365970000,724
TV/방송,디스커버리 서바이벌 - Discovery Survival,1260000,350260000,382
교육/강의,체인지그라운드,1260000,229850000,3079
TV/방송,Beginagain 비긴어게인,1250000,477030000,876
음악/댄스/가수,2PM,1250000,358870000,410
음악/댄스/가수,Dreamcatcher official,1240000,310750000,365
음식/요리/레시피,취미로 요리하는 남자 Yonam,1240000,101800000,67
게임,악어 유튜브,1240000,1376830000,6317
영화/만화/애니,김시선,1240000,389630000,369
스포츠/운동,Shoot for Love 슛포러브,1240000,657880000,723
TV/방송,피키픽처스 Piki Pictures,1230000,448050000,569
게임,우왁굳의 게임방송,1220000,967470000,7267
애완/반려동물,크집사,1220000,185660000,284
교육/강의,seemile Korean 씨마일 한국어,1210000,89240000,1101
TV/방송,14F 일사에프,1210000,382810000,2230
TV/방송,놀면 뭐하니?,1210000,423780000,578
TV/방송,eaJ,1210000,47710000,31
음식/요리/레시피,스윗더미 . Sweet The MI,1210000,116780000,318
음식/요리/레시피,파뿌리,1210000,1009840000,1323
음악/댄스/가수,official A.C.E,1210000,158290000,548
BJ/인물/연예인,임영웅,1200000,968280000,573
BJ/인물/연예인,턱형 (GOD-TUK),1200000,423530000,529
뉴스/정치/사회,채널A 뉴스,1200000,1429340000,60862
게임,우주하마,1200000,594310000,1794
교육/강의,Talk To Me In Korean,1200000,58100000,1695
음식/요리/레시피,DICKHUNTER딕헌터🌶,1200000,296750000,374
패션/미용,다또아Daddoa,1190000,92290000,185
BJ/인물/연예인,Lia Kim,1190000,65950000,53
패션/미용,회사원A,1190000,386310000,504
취미/라이프,휘트니 whitney bae,1190000,299380000,317
게임,테스터훈 TesterHoon,1190000,767150000,2299
BJ/인물/연예인,수상한녀석들,1190000,245410000,167
미분류,INTHESOOP_TV,1170000,18650000,13
음악/댄스/가수,SEVENTEEN Japan official Youtube,1170000,186680000,107
음악/댄스/가수,TJ KARAOKE TJ 노래방 공식 유튜브채널,1170000,1315550000,55072
TV/방송,Coreaníssima 엘레나,1170000,76580000,166
음악/댄스/가수,MOVE Dance Studio 무브댄스학원,1170000,238130000,2347
뉴스/정치/사회,사람사는세상노무현재단,1170000,117690000,791
TV/방송,달라스튜디오,1160000,128450000,75
영화/만화/애니,PLAYY ANI 플레이애니,1160000,467410000,621
TV/방송,sNack!,1160000,896830000,1857
BJ/인물/연예인,ondo온도,1160000,113990000,169
TV/방송,오분순삭,1150000,1165120000,1501
TV/방송,잼스터,1150000,318410000,358
TV/방송,CJ ENM,1150000,1741590000,14900
BJ/인물/연예인,소련여자 Soviet girl in Seoul,1140000,152740000,99
음악/댄스/가수,DaftTaengk,1140000,666810000,5277
키즈/어린이,미니카 Minicar,1140000,663450000,1649
TV/방송,그것이 알고싶다 공식계정,1130000,285200000,512
게임,침착맨,1130000,672560000,5879
취미/라이프,Squash Clay 쪼물쪼물 클레이,1130000,194060000,451
BJ/인물/연예인,Cheri Hyeri 체리 혜리,1130000,156210000,357
교육/강의,조승연의 탐구생활,1120000,78070000,192
음식/요리/레시피,야식이,1120000,391160000,1206
음악/댄스/가수,YGTAEYANG,1120000,60290000,26
TV/방송,티캐스트 tcast,1120000,1280140000,9311
음식/요리/레시피,우리의식탁 W TABLE,1120000,83660000,346
음식/요리/레시피,야식이,1120000,391160000,1206
음식/요리/레시피,애주가TV참PD,1120000,505840000,1090
애완/반려동물,haha ha,1120000,373650000,413
음악/댄스/가수,CLC 씨엘씨 (Official YouTube Channel),1110000,214860000,187
TV/방송,오킹TV,1110000,417420000,1209
영화/만화/애니,Tooniverse-투니버스,1110000,783270000,3809
뉴스/정치/사회,TBS 시민의방송,1110000,865680000,34553
음식/요리/레시피,맛있는 녀석들 (Tasty Guys),1110000,1202870000,3048
국내/해외/여행,코이티비KOITV,1110000,710140000,1222
미분류,디글 :Diggle,1100000,2102490000,12796
TV/방송,KBS CoolFM,1100000,530670000,8225
키즈/어린이,woojoo우주,1100000,358530000,85
게임,혜안,1100000,389120000,745
음식/요리/레시피,먹어볼래TryToEat,1100000,157700000,193
게임,릴카,1100000,378480000,878
미분류,SiriusXM,1090000,701300000,6066
음악/댄스/가수,강다니엘 KANGDANIEL,1090000,175740000,113
음식/요리/레시피,BenDeen,1090000,137140000,283
음악/댄스/가수,PLEDIS ENTERTAINMENT,1090000,275840000,250
TV/방송,한문철 TV,1090000,925610000,12719
음악/댄스/가수,UPVOTE Entertainment,1090000,257800000,1293
취미/라이프,rappeler하쁠리,1090000,418180000,678
주식/경제/부동산,미래에셋 스마트머니,1080000,87780000,1033
음식/요리/레시피,이 남자의 cook,1080000,194360000,524
주식/경제/부동산,[삼성증권] Samsung POP,1080000,106160000,884
회사/오피셜,미스&미스터트롯 공식계정,1080000,801330000,2941
TV/방송,V LIVE,1080000,630450000,2755
TV/방송,Dingo K-Drama,1080000,195460000,411
키즈/어린이,마이린 TV,1080000,731370000,2252
BJ/인물/연예인,성수커플 - S.S Couple,1080000,322960000,386
TV/방송,뻑가 PPKKa,1070000,626530000,706
취미/라이프,효기심,1070000,131580000,176
음악/댄스/가수,CNBLUE (씨엔블루),1060000,211670000,181
TV/방송,SK telecom,1060000,881810000,2297
TV/방송,sankok esl,1060000,8740000,99
BJ/인물/연예인,조섭 Jossup,1060000,444080000,1182
애완/반려동물,정브르,1060000,481660000,1481
BJ/인물/연예인,Sibongtv 시봉tv,1060000,62840000,277
음악/댄스/가수,MORE THAN YOUTH,1050000,248530000,700
음악/댄스/가수,Rock Music,1050000,558970000,7689
게임,겜브링 GGAM BRING,1050000,1155120000,2049
음식/요리/레시피,핫도그TV,1050000,729450000,870
TV/방송,이슈텔러 issueTeller,1050000,449380000,564
TV/방송,밍꼬발랄Mingggo,1050000,1285370000,857
패션/미용,써니채널 Sunny's Channel,1040000,94580000,162
음악/댄스/가수,빅마블,1040000,8190000,8
음식/요리/레시피,얌무YAMMoo,1040000,202300000,592
패션/미용,kiu기우쌤,1030000,280980000,309
교육/강의,법륜스님의 즉문즉설,1030000,672760000,1786
뉴스/정치/사회,비디오머그 - VIDEOMUG,1030000,1696460000,5029
영화/만화/애니,드림텔러(DreamTeller),1030000,473830000,488
BJ/인물/연예인,소근커플 S.K.Couple,1030000,358580000,393
취미/라이프,Bandung Oppa 반둥오빠,1030000,83920000,346
스포츠/운동,힙으뜸,1020000,169750000,325
키즈/어린이,브레드이발소,1020000,435800000,622
게임,킴성태TV,1020000,683970000,1602
취미/라이프,츄팝,1020000,466100000,456
영화/만화/애니,DinoCore TUBA,1010000,698910000,894
키즈/어린이,JoyKids,1010000,565900000,149
교육/강의,공부의신 강성태,1010000,261640000,2568
음악/댄스/가수,SUPER SOUND Bugs!,1010000,645460000,2958
영화/만화/애니,B Man 삐맨,1010000,476610000,503
BJ/인물/연예인,헌터퐝,1000000,194560000,253
영화/만화/애니,달빛뮤즈,1000000,215630000,381
게임,기리TV,1000000,979110000,2539
게임,쁘허,1000000,351820000,939
TV/방송,딩고 / dingo,990000,326400000,667
IT/기술/컴퓨터,약사가 들려주는 약 이야기,990000,115270000,445
TV/방송,우와한 비디오,990000,1085320000,1128
미분류,수빙수tv sooBingsoo,980000,281780000,246
BJ/인물/연예인,유준호,980000,420430000,1238
취미/라이프,집꾸미기,980000,91590000,218
TV/방송,모비딕 Mobidic,970000,297170000,1161
영화/만화/애니,Puuung,970000,45660000,301
취미/라이프,ColorMonsters Toy,970000,544870000,1040
미분류,히밥heebab,970000,224220000,332
미분류,논리왕 전기,970000,97170000,80
취미/라이프,Kim Miso,970000,55960000,289
게임,램램TV,970000,787050000,2168
미분류,채꾸똥꾸 (Cherry & Dong),970000,251890000,268
취미/라이프,제이제이살롱드핏,970000,180070000,415
게임,텔론,970000,887950000,3080
음식/요리/레시피,SOF,970000,354950000,1506
게임,코너Korner,970000,578340000,575
스포츠/운동,말왕TV,960000,329300000,878
미분류,MayTree,960000,114780000,137
뉴스/정치/사회,KBS 다큐,960000,560350000,49719
해외,TNT,950000,595170000,4321
음악/댄스/가수,일반인들의 소름돋는 라이브 / Best covers,940000,374600000,3686
키즈/어린이,마시따 MASITTA,940000,554290000,216
키즈/어린이,퍼플 토이박스(Purple Toy Box),940000,581730000,1342
음악/댄스/가수,장범준,940000,348270000,504
게임,액션홍구,940000,525180000,2903
TV/방송,키에커,940000,260600000,151
뉴스/정치/사회,SBS Radio 에라오,930000,497450000,15887
TV/방송,유병재,930000,111660000,124
BJ/인물/연예인,남순 NS,930000,906950000,3517
음악/댄스/가수,KIM HYUN JOONG.official,930000,115590000,316
게임,마재TV,930000,649620000,3796
BJ/인물/연예인,(MUTUBE)와꾸대장봉준,930000,802640000,7658
게임,잉여맨 유튜브,920000,806010000,2049
음식/요리/레시피,삼대장 Samdaejang,920000,487620000,1052
뉴스/정치/사회,뉴스TVCHOSUN,920000,676850000,63662
TV/방송,YG TREASURE BOX,910000,249750000,496
BJ/인물/연예인,띠미 ddimmi,910000,341350000,702
키즈/어린이,Boram Tube Friends,910000,7310000,73
패션/미용,디렉터 파이,910000,122720000,259
게임,유키 YOUKI,910000,206760000,889
음식/요리/레시피,가르마[GARMA],910000,256770000,1109
게임,괴물쥐 유튜브,910000,603840000,848
미분류,연스커플 Yeon's Couple,910000,150760000,223
BJ/인물/연예인,U.M.A.우마,900000,212970000,137
TV/방송,배꼽빌라,900000,274130000,375
음악/댄스/가수,ALiEN,900000,178870000,257
게임,테드TV,900000,793850000,2173
미분류,Louis Vuitton,900000,390020000,278
패션/미용,윤쨔미 YoonCharmi,890000,233090000,321
패션/미용,Saerom Min개코의 오픈스튜디오,890000,98700000,146
BJ/인물/연예인,슛뚜sueddu,890000,42460000,173
영화/만화/애니,LICO TV,890000,127070000,186
음악/댄스/가수,MUPLY 뮤플리,890000,216820000,419
게임,군림보,890000,595850000,4772
TV/방송,김이브님 [kim eve],890000,630350000,2836
키즈/어린이,토깽이네,890000,865090000,1358
애완/반려동물,Girls Planet,880000,287650000,377
영화/만화/애니,WatchcarTV,880000,411730000,201
미분류,핏블리 FITVELY,880000,203000000,561
뉴스/정치/사회,배승희 변호사,880000,394640000,1184
미분류,김소형 채널H,880000,153000000,743
뉴스/정치/사회,신인균의 국방TV,870000,403110000,1537
음악/댄스/가수,MUSIC&NEW 뮤직앤뉴,870000,926240000,6766
미분류,밀라논나 Milanonna,870000,53660000,79
미분류,공부왕찐천재 홍진경,870000,76640000,74
음악/댄스/가수,SF9,870000,63130000,264
국내/해외/여행,Sophie Kim _하은,870000,27930000,117
미분류,김작가 TV,870000,160850000,1252
게임,머독방송,870000,775740000,11373
미분류,미션 파서블,860000,98610000,91
키즈/어린이,액션 Action,860000,417170000,1588
키즈/어린이,POYO Music Official,860000,660050000,1433
음악/댄스/가수,missA,860000,360640000,49
키즈/어린이,뚜아뚜지TV,860000,356330000,1209
미분류,사피엔스 스튜디오,860000,238000000,2622
취미/라이프,달려라치킨 Dalchi,860000,213930000,590
게임,연다,860000,515850000,1796
TV/방송,옛능 : MBC 옛날 예능 다시보기,850000,1037000000,2050
해외,Variety,850000,409580000,4039
음악/댄스/가수,TSENT2008,840000,380710000,445
뉴스/정치/사회,MBN News,840000,864270000,94803
키즈/어린이,Toystar TV,840000,342420000,72
회사/오피셜,SM C&C STUDIO,840000,100820000,476
게임,울산큰고래 박성주,840000,622240000,3096
음식/요리/레시피,고기남자 MeatMan,840000,103030000,68
음악/댄스/가수,ALL THE K-JAM 올더케이잼,840000,856670000,13428
음악/댄스/가수,HOLLAND,840000,29420000,28
뉴스/정치/사회,딴지방송국,840000,189050000,639
애완/반려동물,냥이아빠,830000,280000000,444
TV/방송,라이프타임,830000,303980000,1520
음식/요리/레시피,뽐뽐뽐,830000,63940000,175
미분류,임한올 Hanol Rim,830000,88330000,139
TV/방송,z a m,830000,570170000,1777
패션/미용,Jella젤라,830000,55950000,185
교육/강의,라이브 아카데미,830000,74020000,458
영화/만화/애니,Hello Jadoo TV 안녕 자두야,820000,307540000,467
영화/만화/애니,리뷰엉이: Owl's Review,820000,297580000,448
BJ/인물/연예인,강유미 yumi kang좋아서 하는 채널,820000,185960000,310
게임,돼지저금통,820000,1364360000,5472
BJ/인물/연예인,쿠쿠크루 - Cuckoo Crew,820000,449730000,616
음식/요리/레시피,서담SEODAM,820000,145980000,230
영화/만화/애니,빨강도깨비,820000,324750000,330
IT/기술/컴퓨터,1분과학,820000,75700000,60
IT/기술/컴퓨터,의학채널 비온뒤,820000,177830000,4248
키즈/어린이,고고다이노-GOGO DINO,820000,600060000,801
음악/댄스/가수,CL,810000,56610000,5
게임,개리형,810000,309610000,544
취미/라이프,Mimine Miniature 미미네 미니어처,810000,157810000,162
TV/방송,이환,810000,259010000,334
TV/방송,Megan Moon,810000,128190000,516
TV/방송,Mdromeda KPOP,810000,237500000,444
음악/댄스/가수,Jenny Yun,810000,114590000,553
패션/미용,UNA 유나,810000,63990000,148
미분류,1분미만,810000,168330000,117
해외,ZeeKay Junior,800000,810310000,841
음악/댄스/가수,PARK JIHOON Official,800000,39030000,170
BJ/인물/연예인,SUNBA선바,800000,950180000,2219
TV/방송,fantagio 판타지오,800000,175040000,213
영화/만화/애니,신비아파트 공식채널 - Shinbi House,800000,442930000,1052
패션/미용,areumsongee아름송이,800000,66170000,177
미분류,TOP MEDIA,800000,159600000,497
키즈/어린이,리틀조이 LittleJoy,790000,221770000,193
음악/댄스/가수,OFFICIAL EPIK HIGH,790000,224860000,208
TV/방송,리모콘 by iHQ,790000,686700000,5030
TV/방송,준우,790000,181780000,157
영화/만화/애니,9bul,790000,227230000,201
미분류,Rolling Stone,790000,252400000,2874
게임,Partition Zion,790000,340300000,919
패션/미용,한별Hanbyul,780000,124290000,272
미분류,Jin & Juice,780000,127490000,166
음식/요리/레시피,THE BOB - 더 밥 스튜디오,780000,53280000,502
TV/방송,찬우살이,780000,27670000,140
BJ/인물/연예인,StimBoy스팀보이,780000,364620000,649
음악/댄스/가수,• m i n a m o c h i •,780000,338070000,118
TV/방송,STUDIO DIA 스튜디오 다이아,780000,201130000,506
영화/만화/애니,람다람,780000,84550000,60
TV/방송,옐언니,780000,186340000,331
음악/댄스/가수,HyunA 현아 (Official YouTube Channel),780000,98640000,10
국내/해외/여행,빠니보틀 Pani Bottle,780000,152640000,210
미분류,하하 PD HAHA PD,770000,37560000,70
주식/경제/부동산,E트렌드,770000,67820000,1334
음악/댄스/가수,BRANDNEW MUSIC,770000,262380000,1236
키즈/어린이,메카드 - MECARD OFFICIAL,770000,603020000,1170
애완/반려동물,속삭이는몽자,770000,185590000,449
TV/방송,TongTongTv 통통컬처,770000,535160000,11209
미분류,토모토모TomoTomo,770000,113420000,112
게임,김왼팔,770000,470810000,2106
BJ/인물/연예인,케이,770000,501260000,3127
뉴스/정치/사회,조선일보,770000,413710000,12846
음악/댄스/가수,wondergirls,770000,405150000,217
게임,Dorami,770000,188350000,1055
게임,T1,770000,209860000,2547
TV/방송,이라이라경 ravely,770000,205450000,326
취미/라이프,공대생가족 GDSF,760000,311490000,1226
미분류,엄마의손맛,760000,151930000,546
음악/댄스/가수,H1GHR MUSIC,760000,202300000,455
뉴스/정치/사회,엠빅뉴스,760000,1573440000,3690
미분류,양장금주부,760000,154100000,542
TV/방송,POWER MOVIE,760000,224270000,217
TV/방송,히스토리,760000,478120000,1782
미분류,SISSEL,760000,36040000,209
키즈/어린이,주니토니 동요동화 - 키즈캐슬,760000,689790000,574
애완/반려동물,다흑,750000,476790000,2341
키즈/어린이,ToyCheff,750000,353890000,447
게임,탁주 TV,750000,1518520000,1988
키즈/어린이,Robot Trains official,750000,552740000,744
미분류,뽀송한 준_bosungjun,750000,47980000,87
게임,GCL 지씨엘,750000,192970000,302
TV/방송,Zaty Farhani,740000,798920000,1633
TV/방송,KBS N,740000,1220660000,13409
뉴스/정치/사회,빽능 - 스브스 옛날 예능,740000,827480000,3260
TV/방송,타임스낵,740000,187920000,195
BJ/인물/연예인,bobaepapa - 보배아빠,740000,332670000,333
패션/미용,리아루아 LIALUA,740000,205950000,314
패션/미용,Yoo's Beauty 희주,730000,22630000,105
교육/강의,법륜스님의 희망세상만들기,730000,365400000,724
TV/방송,Travel Tube,730000,753160000,1361
TV/방송,LDF TV by lottedutyfree,730000,562570000,1246
패션/미용,yeondukong 연두콩,730000,96890000,367
미분류,ROKSEAL,730000,70600000,79
미분류,CU [씨유튜브],730000,18610000,211
미분류,랄로,730000,227950000,348
패션/미용,sunnydahye,730000,50410000,334
미분류,Golden Disc Awards,730000,188160000,501
음악/댄스/가수,HYOLYN 효린,730000,133880000,111
미분류,지켜츄 Chuu Can Do It,730000,39510000,57
애완/반려동물,시바견 곰이탱이여우,730000,355750000,1185
BJ/인물/연예인,송대익 songdaeik,730000,376250000,439
TV/방송,스튜디오 룰루랄라- studio lululala,720000,190900000,890
게임,러너꽃빈TV,720000,589280000,3155
음식/요리/레시피,띠예,720000,82220000,39
TV/방송,Kyunghamin твоя корейская онни,720000,63070000,329
영화/만화/애니,UTZI웃지,720000,397400000,242
교육/강의,닥터프렌즈,720000,134810000,496
음악/댄스/가수,DKDKTV,720000,153540000,1094
TV/방송,핫소스,720000,452550000,459
음악/댄스/가수,VICTON 빅톤,720000,141600000,666
음악/댄스/가수,B1A4 OFFICIAL +,720000,184040000,317
뉴스/정치/사회,전옥현 안보정론TV,720000,331970000,4226
취미/라이프,DanoTV,720000,134950000,570
미분류,천뚱TV,720000,63540000,31
미분류,랭킹스쿨 Ranking School,720000,369120000,647
뉴스/정치/사회,KBS 교양,720000,556510000,66595
음악/댄스/가수,Yuni Marimba 유니 마림바,720000,92230000,103
음악/댄스/가수,Healing Meditation,710000,70540000,211
음악/댄스/가수,MBC WORLD,710000,541540000,4756
미분류,leeminho film,710000,10760000,14
음식/요리/레시피,윰댕(yum-cast),710000,516320000,3231
BJ/인물/연예인,대륙남TV [clark tv],710000,392320000,3025
게임,스페셜솔져 - 모바일FPS,710000,15040000,137
키즈/어린이,지호토이TV JIHOTOY,710000,562640000,1847
BJ/인물/연예인,외질혜 (OzilTube),710000,433840000,1587
TV/방송,나혼자산다 STUDIO,710000,222430000,287
패션/미용,헤이즐 Heizle,710000,74450000,290
음악/댄스/가수,HEADLINER,710000,167860000,186
음악/댄스/가수,SonyToby,710000,71800000,94
미분류,이재성 박사의 식탁보감,710000,54900000,229
음악/댄스/가수,Official fromis_9,700000,210480000,485
TV/방송,뉴스엔·NewsenTV·KOREA Entertainment news,700000,241400000,8396
뉴스/정치/사회,채널A 뉴스TOP10,700000,570610000,16060
교육/강의,THE J,700000,123540000,535
키즈/어린이,ToyMoon토이문,700000,262110000,251
뉴스/정치/사회,연합뉴스TV,700000,918130000,362555
뉴스/정치/사회,가로세로연구소,700000,452930000,2913
취미/라이프,Soy ASMR,700000,141380000,435
음악/댄스/가수,임창정,690000,197160000,294
회사/오피셜,KB국민카드,690000,219570000,512
게임,Charming Jo 조매력,690000,188220000,1150
TV/방송,김달,690000,227240000,729
미분류,육식맨 YOOXICMAN,690000,109680000,99
TV/방송,smile -wA-,690000,517280000,5323
영화/만화/애니,Sechi,690000,223190000,267
음악/댄스/가수,TEEN TOP Official,690000,196310000,775
미분류,함께해요 맛나요리,690000,158390000,424
키즈/어린이,코코몽 COCOMONG TV - Cartoon & Song For Kids,690000,848430000,1188
BJ/인물/연예인,긱블 Geekble,690000,176510000,300
미분류,뀨러기 [kkyuleogi],690000,177530000,240
영화/만화/애니,DAZBEE official,690000,238120000,121
음식/요리/레시피,인아짱 Inah Eats,690000,144710000,996
영화/만화/애니,써리의 영상툰 SSULY TOON,690000,467150000,945
패션/미용,에바EVA,690000,101040000,299
음악/댄스/가수,LJ Dance,680000,91820000,1744
TV/방송,시미켄 TV,680000,94590000,89
음악/댄스/가수,MBK Entertainment [Official],680000,387260000,417
키즈/어린이,애니한TV AnnieHanTV,680000,645430000,1145
미분류,방가네,680000,153760000,182
국내/해외/여행,EBS 컬렉션 - 라이프스타일,680000,407310000,2907
키즈/어린이,로보카폴리 TV,680000,423310000,1045
게임,문호준,680000,419040000,1044
BJ/인물/연예인,난쟁이성현,680000,172030000,678
음악/댄스/가수,PianiCast - 피아니캐스트,680000,171350000,106
미분류,이슈왕 TV,680000,340370000,997
패션/미용,김습습Double Soup,680000,52700000,274
뉴스/정치/사회,이봉규TV,680000,424770000,6752
취미/라이프,ASMR Ouvir 오비르,680000,114290000,149
미분류,랄랄ralral,680000,118090000,324
미분류,웅이woongei,680000,142820000,264
미분류,DAWN,680000,46210000,33
음악/댄스/가수,Bigman,680000,53330000,45
뉴스/정치/사회,스브스뉴스 SUBUSU NEWS,680000,706370000,2489
키즈/어린이,간니닌니 다이어리,670000,604450000,1762
TV/방송,SIMI TV,670000,80010000,76
뉴스/정치/사회,Newstapa,670000,233810000,3747
게임,밍모,670000,427130000,1416
뉴스/정치/사회,펜앤드마이크TV,670000,466870000,10502
음식/요리/레시피,권회훈,670000,269050000,1273
게임,김성회의 G식백과,670000,143910000,217
TV/방송,제이제이,670000,196560000,501
패션/미용,새벽,670000,93300000,505
취미/라이프,미니미니 MiniMini,670000,318380000,326
미분류,주부나라,670000,149240000,761
미분류,이리오너라,660000,48290000,1554
TV/방송,레바스튜디오,660000,286580000,420
미분류,SM STATION,660000,41060000,90
미분류,과나gwana,660000,88300000,76
미분류,815머니톡,660000,160880000,2610
TV/방송,덕출 : DCTVGO,660000,172010000,312
게임,강 지,660000,480710000,1072
음악/댄스/가수,조싀앤바믜 Josh & Bamui,660000,180390000,193
TV/방송,백만뷰,660000,448180000,9311
교육/강의,입시덕후,660000,267830000,398
음악/댄스/가수,GIRL'S DAY,660000,245940000,150
패션/미용,Ha Neul오늘의 하늘,660000,101840000,284
음식/요리/레시피,Team_SeikaTV(팀세이카),660000,132860000,115
BJ/인물/연예인,깨박이,660000,374400000,1248
미분류,스토리,660000,89450000,39
패션/미용,로즈하ROSEHA,650000,71180000,176
미분류,직업의모든것,650000,224930000,294
TV/방송,김용호연예부장,650000,121500000,256
패션/미용,Dear.Jerry제리,650000,41670000,152
뉴스/정치/사회,한국경제TV,650000,204470000,49733
패션/미용,LENA,650000,133870000,136
BJ/인물/연예인,요리왕비룡 Korean Food Cooking,650000,131120000,584
게임,수탉,650000,308720000,1310
TV/방송,PANGKICK 팡킥,650000,214900000,85
음식/요리/레시피,키미 Kimi,650000,45270000,91
키즈/어린이,뿌직PPUJIG,650000,487250000,425
게임,Official Dopa,650000,291300000,1220
음식/요리/레시피,허미노MINO,650000,244920000,1670
주식/경제/부동산,코스픽(KosPick),640000,24030000,1176
음식/요리/레시피,입질의추억TV jiminTV,640000,188680000,320
TV/방송,걍밍경,640000,36760000,34
패션/미용,금강연화,640000,240440000,619
IT/기술/컴퓨터,테크몽 Techmong,640000,86480000,341
스포츠/운동,JK 아트사커 온라인,640000,224690000,409
미분류,송슐랭 가이드 - SONGCHELIN GUIDE,640000,18830000,110
영화/만화/애니,CK Animation School_2016-2018,640000,205340000,698
패션/미용,Q2HAN,640000,69300000,697
주식/경제/부동산,부동산 읽어주는 남자,640000,65280000,464
자동차,우파푸른하늘Woopa TV,640000,339010000,947
영화/만화/애니,홍시네마,640000,203530000,156
음악/댄스/가수,BELLA&LUCAS 벨라앤루카스,630000,74720000,290
TV/방송,tweety 트위티,630000,72170000,153
게임,유소나,630000,199370000,709
미분류,지식한입,630000,42760000,54
미분류,검은고양이 다홍 Blackcat Dahong,630000,36540000,44
미분류,꼰대희,630000,96710000,104
게임,퀸톨 TV,630000,463550000,2065
BJ/인물/연예인,김도고 Doggo Kim,630000,157710000,153
게임,LCK,630000,492280000,3893
TV/방송,Spinel CAM,630000,675730000,8576
키즈/어린이,손오공,630000,647350000,729
취미/라이프,여정을떠난여정,630000,136320000,285
미분류,팩토리,620000,56480000,27
미분류,deemd 딤디,620000,60700000,141
미분류,쏘대장,620000,122430000,309
패션/미용,도영도영이,620000,43420000,161
미분류,지기TV,620000,147200000,703
미분류,나르앤나르시Nar.Couple,620000,69540000,130
미분류,단하나 DANHANA,620000,105850000,87
TV/방송,OCN,620000,572130000,11771
패션/미용,会社員J,620000,122950000,391
TV/방송,매미킴 TV,620000,156590000,248
TV/방송,Rio y Christian,620000,54480000,294
음악/댄스/가수,다이아나Diana,620000,170730000,1773
음악/댄스/가수,정동원TV,620000,220510000,263
게임,저라뎃 JUSTLIKETHAT,620000,561900000,2888
음악/댄스/가수,lEtudel,620000,242020000,2969
BJ/인물/연예인,예씨 yessii,620000,376950000,778
미분류,Bravo jamoasi,610000,115500000,84
패션/미용,소윤Soyoon,610000,59580000,154
게임,코아 TV,610000,425580000,1029
게임,삼식,610000,221380000,1906
TV/방송,샒의 삶Serim's life,610000,185710000,520
음식/요리/레시피,한식푸우 Korean food,610000,243420000,1576
음식/요리/레시피,맛상무,610000,230810000,1266
패션/미용,슈스스TV,610000,0,0
TV/방송,씨그널V [ Signal V ],610000,289350000,731
미분류,캡틴 파추호 Captain PaChuHO,610000,35350000,50
키즈/어린이,지니어드벤쳐 GeniAdventure (공룡∙과학 Dinosaurs),610000,592300000,426
미분류,지피티,610000,126480000,713
영화/만화/애니,Netflix Korea 넷플릭스 코리아,610000,164330000,1339
뉴스/정치/사회,성제준TV,610000,192730000,966
IT/기술/컴퓨터,UNDERkg,610000,314570000,2287
TV/방송,MBC 미스터리 : 심야괴담회 X 서프라이즈,610000,259950000,1121
음식/요리/레시피,sini시니,610000,229620000,672
TV/방송,tvN 인사이트,600000,207190000,1736
패션/미용,골근위수영뷰티아카데미,600000,428070000,356
키즈/어린이,뽀로로 타요 장난감 놀이교실,600000,387680000,807
자동차,김한용의 MOCAR,600000,271660000,1158
음악/댄스/가수,노래하는코트,600000,319520000,2297
TV/방송,코니tv conitv,600000,95600000,430
게임,눈쟁이,600000,241340000,2166
미분류,짧은대본 ShortPaper,600000,128420000,129
게임,TV대정령,600000,634120000,7450
취미,여락이들_,600000,140480000,332
미분류,과학드림 [Science Dream],600000,96690000,102
음악/댄스/가수,FTISLAND (FT아일랜드),600000,139550000,145
게임,로이조 TV,600000,436030000,2603
미분류,로하Roha,600000,77870000,108
음식/요리/레시피,바다곰조해웅Seabear,600000,126020000,387
미분류,영기티비,600000,95180000,223
미분류,[윤이련]50년 요리비결,600000,143990000,305
미분류,유 퀴즈 온 더 튜브,600000,235500000,2519
스포츠/운동,강하나 스트레칭_stretching,600000,53480000,293
미분류,할명수,590000,43610000,62
뉴스/정치/사회,MTN 머니투데이방송,590000,506830000,56098
TV/방송,NICKY니키,590000,184610000,738
게임,JUNE,590000,593640000,1293
미분류,STAYC,590000,125780000,99
미분류,하알라,590000,138620000,190
미분류,엠뚜루마뚜루 : MBC 공식 종합 채널,590000,684900000,1170
게임,서넹,590000,217240000,2819
주식/경제/부동산,단희TV,590000,65550000,849
TV/방송,티키틱 TIKITIK,590000,121610000,142
미분류,깨방정,590000,175120000,364
뉴스/정치/사회,팩트TV NEWS,590000,515170000,19624
취미/라이프,이연LEEYEON,590000,40070000,170
취미/라이프,딩가의 회전목마 DINGA,590000,69280000,171
패션/미용,leeanfilm리안,590000,49110000,184
미분류,A24,580000,621530000,532
취미/라이프,김나영의 nofilterTV,580000,108980000,310
TV/방송,drighk fancam 2015,580000,430090000,5284
미분류,양세브라더스,580000,24500000,16
애완/반려동물,김메주와 고양이들,580000,193180000,968
해외,Ashley Mariee,580000,56220000,2046
TV/방송,Olive,580000,638420000,17128
TV/방송,MAXIM KOREA,580000,306380000,2032
교육/강의,친절한 대학,580000,55770000,551
BJ/인물/연예인,최홍철,580000,162000000,320
음식/요리/레시피,더스쿱The SCOOP,580000,85300000,406
게임,형독방송,580000,515710000,1840
TV/방송,KBS 같이삽시다,570000,275180000,2972
TV/방송,공돌이 용달,570000,166060000,197
BJ/인물/연예인,엣지님,570000,199140000,1644
BJ/인물/연예인,상해기SangHyuk,570000,128230000,310
음악/댄스/가수,God DongMin갓동민,570000,93600000,996
TV/방송,은하캠핑,570000,111040000,201
키즈/어린이,Troom Troom Kr,570000,381590000,1883
취미/라이프,ConCorea TV,570000,14160000,625
미분류,McDonald's,570000,120340000,204
게임,진호,570000,306590000,2434
TV/방송,STATV,570000,189040000,7461
음식/요리/레시피,SINCOOK - 신쿡,570000,103920000,482
뉴스/정치/사회,고성국TV,570000,277090000,7071
미분류,코믹마트,570000,186540000,227
음악/댄스/가수,May J Lee 메이제이 리,570000,28610000,40
BJ/인물/연예인,덕자전성시대,560000,61160000,140
음악/댄스/가수,SUGA - Topic,560000,10000,1
TV/방송,KBS Entertain: 깔깔티비,560000,792370000,4854
애완/반려동물,Arirang은 고양이들내가 주인,560000,165740000,381
TV/방송,쌈바홍 ssambahong,560000,41090000,197
미분류,[에일리 OFFICIAL] aileemusic,560000,83540000,112
음악/댄스/가수,INFINITE,560000,39110000,158
뉴스/정치/사회,쓸모왕,560000,413910000,655
패션/미용,다영 DAYEONG,560000,75840000,354
키즈/어린이,캐리TV 주니어,560000,624180000,1423
음식/요리/레시피,[Flower pig]꽃돼지,560000,193360000,1190
키즈/어린이,Clevr TV [클레버티비],560000,532140000,1767
취미/라이프,TAU,560000,345720000,103
미분류,근황올림픽,560000,257280000,237
TV/방송,석준이가해,560000,125770000,214
음식/요리/레시피,정육왕 MeatCreator,560000,127740000,417
음악/댄스/가수,TVXQ!,550000,32620000,70
음악/댄스/가수,Reynah,550000,145380000,245
음악/댄스/가수,온스테이지ONSTAGE,550000,231620000,2330
미분류,김흥미,550000,220060000,473
음악/댄스/가수,Trouble Maker (Official YouTube Channel),550000,185460000,9
미분류,규티비 KYUHYUN,550000,21500000,74
미분류,또모TOWMOO,550000,133070000,191
미분류,Super K-슈퍼개미김정환,550000,50200000,447
미분류,드립팩토리 [Dlib Factory],550000,181640000,174
영화/만화/애니,뭅뭅,550000,316520000,3189
패션/미용,아옳이,550000,92570000,152
BJ/인물/연예인,sojoong쏘야쭝아,550000,137100000,222
미분류,에버랜드 - EVERLAND,550000,167780000,1979
미분류,일주어터,550000,92040000,148
음악/댄스/가수,달마발 Darlim&Hamabal,550000,136730000,157
음악/댄스/가수,Mellowbeat Seeker,550000,8240000,131
BJ/인물/연예인,카페노예 jun,550000,38150000,76
뉴스/정치/사회,국방TV,550000,502980000,11171
취미/라이프,샬이 Shal.E,540000,21530000,60
교육/강의,수린 suzlnne,540000,42130000,129
패션/미용,LeoJ Makeup,540000,75560000,254
TV/방송,J.Y. Park,540000,88110000,90
교육/강의,Conversational Korean,540000,14950000,335
게임,꿀탱탱,540000,338410000,2514
패션/미용,DAISY 데이지,540000,44630000,139
음악/댄스/가수,Flow Music,540000,113380000,490
영화/만화/애니,소개해주는 남자,540000,163530000,223
패션/미용,디렉터 짱구대디,540000,168960000,1723
미분류,Melon 멜론,540000,67280000,223
뉴스/정치/사회,서울의소리 Voice of Seoul,540000,243920000,7517
TV/방송,레이디액션,540000,265350000,355
미분류,BODA 보다,540000,250540000,731
게임,자몽티비,540000,501910000,2059
미분류,free지아,540000,84580000,188
게임,글자네 YouTube,540000,483520000,3179
애완/반려동물,아리둥절 Ari the Corgi,530000,150610000,234
BJ/인물/연예인,풍자테레비,530000,237370000,1636
게임,프레이 TV,530000,269280000,1159
게임,빅헤드,530000,303080000,3467
음악/댄스/가수,DanalEntertainment,530000,289530000,9242
TV/방송,오마르의 삶,530000,85230000,416
미분류,유이뿅YUIPYON,530000,133450000,303
BJ/인물/연예인,Korean Studio,530000,47190000,171
TV/방송,오예커플스토리,530000,88440000,156
뉴스/정치/사회,뉴스타운TV,530000,125330000,4573
음식/요리/레시피,스튜디오 쿠캣 - COOKAT,530000,208370000,1682
교육/강의,동심파괴,530000,142110000,358
취미/라이프,희철리즘Heechulism,530000,135540000,251
교육/강의,1등 미디어,530000,236320000,492
TV/방송,스튜디오V [ STUDIO V ],530000,156700000,320
미분류,시니어전성시대,530000,61410000,145
TV/방송,joanday,530000,68480000,629
BJ/인물/연예인,박서아TV,530000,99280000,306
게임,똘킹,530000,388870000,1829
미분류,AB6IX,530000,32270000,263
영화/만화/애니,supershinstudio,530000,383900000,7779
뉴스/정치/사회,Arirang News,530000,237210000,123886
뉴스/정치/사회,여수MBC Music+(Kpop&Trot),530000,335200000,11942
TV/방송,Ripple_S,530000,301300000,714
취미/라이프,미니유 Miniyu ASMR,530000,223410000,727
뉴스/정치/사회,KBS KONG,520000,203980000,6637
음식/요리/레시피,PRUMIR,520000,111540000,448
미분류,조여사전성시대,520000,98700000,428
미분류,Everton Football Club,520000,143740000,2485
음악/댄스/가수,Mina's TV 미나네TV,520000,21030000,136
BJ/인물/연예인,Mr.아재 [Mr.Ajae],520000,134180000,303
TV/방송,KBS 1라디오,520000,188600000,10326
취미/라이프,공구왕황부장,520000,105490000,445
미분류,햄튜브,520000,280770000,1108
키즈/어린이,오콘키즈,520000,693730000,1009
게임,방앗간 비둘기,520000,334960000,4296
IT/기술/컴퓨터,MR엠알,520000,76450000,347
음악/댄스/가수,Dragon Stone,520000,32320000,148
음식/요리/레시피,영자씨의 부엌Young-Ja's Kitchen,520000,108390000,905
TV/방송,KBS동물티비 : 애니멀포유 animal4u,520000,326080000,1459
TV/방송,상현아웃겨줘parksanghyun,520000,177540000,397
음식/요리/레시피,창배먹방 chang_bae,520000,242000000,1281
게임,OGN,510000,608880000,27433
게임,미소,510000,210770000,3084
미분류,밉지않은 관종언니,510000,67740000,170
미분류,복지마블TV [Welfare Marble],510000,49960000,240
음식/요리/레시피,Muggo,510000,183720000,1388
게임,임선비,510000,234290000,1134
